directory,algorithm,label,count,nodnssec,client,domain,client_rtt_avg,client_rtt_std_dev,res_rtt_avg,res_rtt_std_dev,cpu,mem,net_rx,net_tx
SYDNEY0608-DNSSEC-DoQ-RSASHA256-2026-08-07-a9c5ae20,RSASHA256,DNSSEC,1000,false,DoQ,test.RSASHA256-SYDNEY0608.test,43.3,2.33,15.74,0.86,7.54,20.15,97.15,96.53
SYDNEY0608-DNSSEC-UDP-P256_FALCON512-2026-08-07-f0b9ed02,P256_FALCON512,DNSSEC,1000,false,UDP,test.P256-FALCON512-SYDNEY0608.test,54.24,1.92,41.66,1.66,6.25,19.23,40.69,20.36
SYDNEY0608-STANDARD-UDP-DoQ-UDP-P256_FALCON512-2026-08-07-0743025d,P256_FALCON512,STANDARD-UDP-DoQ,1000,true,UDP,test.P256-FALCON512-SYDNEY0608.test,31.19,1.61,18.61,1,10.81,18.91,71.99,83.29
SYDNEY0608-DNSSEC-TCP-FALCON512-2026-08-07-3c082ce6,FALCON512,DNSSEC,1000,false,TCP,test.FALCON512-SYDNEY0608.test,53.14,2.36,28.06,1.43,6.1,19.34,31.58,21.66
SYDNEY0608-DNSSEC-DoT-FALCON512-2026-08-07-cd00e037,FALCON512,DNSSEC,1000,false,DoT,test.FALCON512-SYDNEY0608.test,80.7,3.42,41.81,2.21,4.71,19.43,41,40.63
SYDNEY0608-DNSSEC-DoQ-ECDSAP256SHA256-2026-08-07-10ccce38,ECDSAP256SHA256,DNSSEC,1000,false,DoQ,test.ECDSAP256SHA256-SYDNEY0608.test,43.46,2.04,15.97,0.88,7.96,19.89,96.67,98.62
SYDNEY0608-NODNSSEC-UDP-NA-2026-08-07-32bfe2d1,NA,NODNSSEC,1000,true,UDP,test.slhdsasha2128s-sydney0608.test.,25.62,1.01,13.06,0.72,1.28,19.3,7.68,6.48
SYDNEY0608-DNSSEC-TCP-P256_MLDSA44-2026-08-07-a359df1a,P256_MLDSA44,DNSSEC,1000,false,TCP,test.P256-MLDSA44-SYDNEY0608.test,54.1,2.18,29.07,1.54,6.51,19.27,80.26,46.91
SYDNEY0608-DNSSEC-DoT-SLHDSASHA2128S-2026-08-07-bc3d0f0d,SLHDSASHA2128S,DNSSEC,1000,false,DoT,test.SLHDSASHA2128S-SYDNEY0608.test,94.5,3.74,55.7,2.88,5.39,19.52,171.51,108.31
SYDNEY0608-NODNSSEC-TCP-NA-2026-08-07-9b21b605,NA,NODNSSEC,1000,true,TCP,test.slhdsasha2128s-sydney0608.test.,50.5,2.12,25.4,1.37,1.87,18.84,11.35,12.22
SYDNEY0608-DNSSEC-UDP-P256_SLHDSASHA2128S-2026-08-07-01634a57,P256_SLHDSASHA2128S,DNSSEC,1000,false,UDP,test.P256-SLHDSASHA2128S-SYDNEY0608.test,80.03,2.64,54.87,2.17,6.28,19.83,201.43,62.17
SYDNEY0608-DNSSEC-DoQ-FALCON512-2026-08-07-64a000f7,FALCON512,DNSSEC,1000,false,DoQ,test.FALCON512-SYDNEY0608.test,45.66,2.3,18.05,1.08,9.27,19.99,111.06,102.75
SYDNEY0608-NODNSSEC-UDP-DoQ-UDP-NA-2026-08-07-94687b44,NA,NODNSSEC-UDP-DoQ,1000,true,UDP,test.slhdsasha2128s-sydney0608.test.,27.98,1.76,15.36,1.3,2.88,18.88,40.4,85.72
SYDNEY0608-DNSSEC-TCP-P256_FALCON512-2026-08-07-cec395c1,P256_FALCON512,DNSSEC,1000,false,TCP,test.P256-FALCON512-SYDNEY0608.test,53.82,2.05,28.75,1.46,6.61,19.3,34.8,23.42
SYDNEY0608-STANDARD-UDP-DoQ-UDP-FALCON512-2026-08-07-67ba9475,FALCON512,STANDARD-UDP-DoQ,1000,true,UDP,test.FALCON512-SYDNEY0608.test,30.62,1.61,18.06,1.28,10.67,19.18,72.2,88.05
SYDNEY0608-DNSSEC-UDP-RSASHA256-2026-08-07-cf06406e,RSASHA256,DNSSEC,1000,false,UDP,test.RSASHA256-SYDNEY0608.test,26.07,0.98,13.5,0.71,6.45,19.1,20.47,12.48
SYDNEY0608-DNSSEC-UDP-MLDSA44-2026-08-07-712c724b,MLDSA44,DNSSEC,1000,false,UDP,test.MLDSA44-SYDNEY0608.test,64.75,2.55,39.47,1.68,5.29,21.29,82.42,30.6
SYDNEY0608-DNSSEC-UDP-ECDSAP256SHA256-2026-08-07-96fb56d5,ECDSAP256SHA256,DNSSEC,1000,false,UDP,test.ECDSAP256SHA256-SYDNEY0608.test,26.31,1.29,13.75,0.76,6.78,19.1,13.96,9.36
SYDNEY0608-DNSSEC-DoQ-MLDSA44-2026-08-07-0e6f9836,MLDSA44,DNSSEC,1000,false,DoQ,test.MLDSA44-SYDNEY0608.test,44.12,2.79,16.48,1.01,5.71,19.89,130.92,92.13
SYDNEY0608-NODNSSEC-DoQ-NA-2026-08-07-c7d0e4a6,NA,NODNSSEC,1000,true,DoQ,test.slhdsasha2128s-sydney0608.test.,42.52,1.63,15.12,0.76,3.57,18.76,91.25,94.93
SYDNEY0608-STANDARD-UDP-DoQ-UDP-ECDSAP256SHA256-2026-08-07-20f4d6bb,ECDSAP256SHA256,STANDARD-UDP-DoQ,1000,true,UDP,test.ECDSAP256SHA256-SYDNEY0608.test,28.51,1.39,15.94,0.8,9.09,19.29,50.1,94.08
SYDNEY0608-DNSSEC-UDP-P256_MLDSA44-2026-08-07-c296a953,P256_MLDSA44,DNSSEC,1000,false,UDP,test.P256-MLDSA44-SYDNEY0608.test,66.78,2.19,41.75,1.68,7.34,19.74,83.99,31.01
SYDNEY0608-NODNSSEC-DoT-NA-2026-08-07-6f4aacbf,NA,NODNSSEC,1000,true,DoT,test.slhdsasha2128s-sydney0608.test.,77.82,3.02,39.14,2.13,1.61,18.93,31.15,38.07
SYDNEY0608-DNSSEC-TCP-P256_SLHDSASHA2128S-2026-08-07-80050aa9,P256_SLHDSASHA2128S,DNSSEC,1000,false,TCP,test.P256-SLHDSASHA2128S-SYDNEY0608.test,67.36,2.84,42.17,2.21,6.06,19.4,193.73,105.5
SYDNEY0608-DNSSEC-DoQ-P256_MLDSA44-2026-08-07-68e4ddd9,P256_MLDSA44,DNSSEC,1000,false,DoQ,test.P256-MLDSA44-SYDNEY0608.test,46.39,1.94,18.88,1.02,10.02,19.93,191.37,134.07
SYDNEY0608-STANDARD-UDP-DoQ-UDP-P256_MLDSA44-2026-08-07-4f14d66e,P256_MLDSA44,STANDARD-UDP-DoQ,1000,true,UDP,test.P256-MLDSA44-SYDNEY0608.test,31.74,2.32,19.07,1.65,10.67,19.2,135.58,80.13
SYDNEY0608-DNSSEC-DoT-ECDSAP256SHA256-2026-08-07-1d2f30b8,ECDSAP256SHA256,DNSSEC,1000,false,DoT,test.ECDSAP256SHA256-SYDNEY0608.test,78.53,3.27,39.75,2.12,4.26,20.92,35.17,40.58
SYDNEY0608-DNSSEC-UDP-SLHDSASHA2128S-2026-08-07-32c250d9,SLHDSASHA2128S,DNSSEC,1000,false,UDP,test.SLHDSASHA2128S-SYDNEY0608.test,80.2,4.49,54.92,2.43,6.08,20.33,194.56,60.03
SYDNEY0608-DNSSEC-DoT-P256_SLHDSASHA2128S-2026-08-07-e1a53e6e,P256_SLHDSASHA2128S,DNSSEC,1000,false,DoT,test.P256-SLHDSASHA2128S-SYDNEY0608.test,94.8,4.41,56.04,3.14,5.47,19.33,170.13,107.29
SYDNEY0608-STANDARD-UDP-DoQ-UDP-RSASHA256-2026-08-07-ff7f65f9,RSASHA256,STANDARD-UDP-DoQ,1000,true,UDP,test.RSASHA256-SYDNEY0608.test,28.4,1.57,15.77,0.87,8.72,19.12,55.79,91.56
SYDNEY0608-DNSSEC-DoT-P256_FALCON512-2026-08-07-a96b87db,P256_FALCON512,DNSSEC,1000,false,DoT,test.P256-FALCON512-SYDNEY0608.test,81.22,3.42,42.33,2.09,5.47,18.95,48.46,47.27
SYDNEY0608-STANDARD-UDP-DoQ-UDP-SLHDSASHA2128S-2026-08-07-895340d7,SLHDSASHA2128S,STANDARD-UDP-DoQ,1000,true,UDP,test.SLHDSASHA2128S-SYDNEY0608.test,45.01,2.25,32.44,1.99,9.73,19.46,294.63,69.2
SYDNEY0608-DNSSEC-TCP-RSASHA256-2026-08-07-734c8df0,RSASHA256,DNSSEC,1000,false,TCP,test.RSASHA256-SYDNEY0608.test,51.03,2.44,25.92,1.37,4.93,19.73,21.05,17.15
SYDNEY0608-DNSSEC-DoT-P256_MLDSA44-2026-08-07-431f93ed,P256_MLDSA44,DNSSEC,1000,false,DoT,test.P256-MLDSA44-SYDNEY0608.test,81.59,3.98,42.74,2.38,5.8,19.34,85.82,66.93
SYDNEY0608-DNSSEC-TCP-SLHDSASHA2128S-2026-08-07-02b58981,SLHDSASHA2128S,DNSSEC,1000,false,TCP,test.SLHDSASHA2128S-SYDNEY0608.test,67.06,2.54,41.88,2.08,5.84,19.15,187.29,102.02
SYDNEY0608-DNSSEC-TCP-ECDSAP256SHA256-2026-08-07-4e1e1501,ECDSAP256SHA256,DNSSEC,1000,false,TCP,test.ECDSAP256SHA256-SYDNEY0608.test,51.3,2.21,26.19,1.41,4.86,20.65,16.4,14.86
SYDNEY0608-DNSSEC-UDP-FALCON512-2026-08-07-919f2d03,FALCON512,DNSSEC,1000,false,UDP,test.FALCON512-SYDNEY0608.test,53.56,1.89,40.99,1.76,5.97,19.24,38.05,19.47
SYDNEY0608-DNSSEC-DoQ-P256_FALCON512-2026-08-07-ce42f6b5,P256_FALCON512,DNSSEC,1000,false,DoQ,test.P256-FALCON512-SYDNEY0608.test,46.04,2.11,18.61,1.03,7.18,20.04,80.62,73.82
SYDNEY0608-STANDARD-UDP-DoQ-UDP-P256_SLHDSASHA2128S-2026-08-07-6c00ef25,P256_SLHDSASHA2128S,STANDARD-UDP-DoQ,1000,true,UDP,test.P256-SLHDSASHA2128S-SYDNEY0608.test,45.3,2.08,32.71,1.86,9.86,19.24,297.56,69.4
SYDNEY0608-DNSSEC-DoQ-P256_SLHDSASHA2128S-2026-08-07-4974b5b8,P256_SLHDSASHA2128S,DNSSEC,1000,false,DoQ,test.P256-SLHDSASHA2128S-SYDNEY0608.test,60.2,2.75,32.64,1.63,8.95,19.13,306.45,186.11
SYDNEY0608-STANDARD-UDP-DoQ-UDP-MLDSA44-2026-08-07-24b46e34,MLDSA44,STANDARD-UDP-DoQ,1000,true,UDP,test.MLDSA44-SYDNEY0608.test,29,1.38,16.38,0.83,9.29,18.94,151.76,91.84
SYDNEY0608-DNSSEC-TCP-MLDSA44-2026-08-07-debaf20f,MLDSA44,DNSSEC,1000,false,TCP,test.MLDSA44-SYDNEY0608.test,51.78,2.46,26.66,1.57,5.12,19.29,82.13,48.19
SYDNEY0608-DNSSEC-DoT-RSASHA256-2026-08-07-6bdd1d2f,RSASHA256,DNSSEC,1000,false,DoT,test.RSASHA256-SYDNEY0608.test,78.89,5.17,39.74,2.17,4.39,19.39,39.21,42.93
SYDNEY0608-DNSSEC-DoT-MLDSA44-2026-08-07-18946673,MLDSA44,DNSSEC,1000,false,DoT,test.MLDSA44-SYDNEY0608.test,78.77,2.97,40.21,2.17,5.14,19.2,85.72,67.22
SYDNEY0608-DNSSEC-DoQ-SLHDSASHA2128S-2026-08-07-60d7043a,SLHDSASHA2128S,DNSSEC,1000,false,DoQ,test.SLHDSASHA2128S-SYDNEY0608.test,59.91,2.35,32.45,1.58,8.57,19.62,289.35,175.96
